{"tiles":["{z}/{x}/{y}.png"],"minzoom":0,"maxzoom":4,"bounds":[-180.0,-85.0511,180.0,85.0511],"tileSize":256,"width":256,"height":256,"uMin":-15.252558464601352,"uMax":19.857284823726303,"vMin":-15.639169773246177,"vMax":13.225593070085758}